year,month,SNOW,pnao,date,enso,nao,aao,ao
1979,1,0.5,-0.69,1979-01-01,0.47,-1.38,0.2088,-2.2328
1979,2,0.4,-1.82,1979-02-01,0.29,-0.67,0.3563,-0.6967
1979,3,0.0,0.38,1979-03-01,-0.05,0.78,0.8992,-0.8141
1979,4,0.0,0.09,1979-04-01,0.21,-1.71,0.6776,-1.1568
1979,5,0.0,1.35,1979-05-01,0.27,-1.03,0.7237,-0.2501
1979,6,0.0,-1.64,1979-06-01,-0.11,1.6,1.7,0.9332
1979,7,0.0,0.99,1979-07-01,-0.11,0.83,2.4121,0.0385
1979,8,0.0,0.7,1979-08-01,0.47,0.96,0.5455,-0.6841
1979,9,0.0,1.28,1979-09-01,0.38,1.01,0.6295,-0.0459
1979,10,0.0,1.53,1979-10-01,0.23,-0.3,0.1598,-1.2434
1979,11,0.0,0.54,1979-11-01,0.53,0.53,-0.4225,0.4751
1979,12,1.2,-0.38,1979-12-01,0.63,1.0,-0.9507,1.2948
1980,1,8.8,-0.28,1980-01-01,0.33,-0.75,-0.447,-2.0657
1980,2,2.5,1.74,1980-02-01,0.2,0.05,-0.9797,-0.9337
1980,3,0.1,-0.35,1980-03-01,0.39,-0.31,-1.4244,-1.4333
1980,4,0.0,1.96,1980-04-01,0.51,1.29,-2.0682,-0.4191
1980,5,0.0,-0.28,1980-05-01,0.45,-1.5,-0.4787,-1.1548
1980,6,0.0,-0.86,1980-06-01,0.55,-0.37,0.2857,0.7215
1980,7,0.0,-0.42,1980-07-01,0.47,-0.42,-1.9439,-0.6222
1980,8,0.0,-1.99,1980-08-01,0.03,-2.24,-0.9968,-0.1852
1980,9,0.0,-0.05,1980-09-01,0.12,0.66,-1.7008,0.3126
1980,10,0.0,2.45,1980-10-01,0.02,-1.77,0.5774,-0.5212
1980,11,0.0,1.35,1980-11-01,-0.07,-0.37,-2.0129,-1.361
1980,12,0.3,-0.27,1980-12-01,-0.12,0.78,-0.3563,-0.0573
1981,1,0.0,2.42,1981-01-01,-0.36,0.37,0.2305,-0.1163
1981,2,1.1,0.38,1981-02-01,-0.23,0.92,0.0393,-0.3316
1981,3,0.0,1.6,1981-03-01,0.33,-1.19,-0.9655,-1.6447
1981,4,0.0,-1.02,1981-04-01,0.43,0.36,-1.462,0.4304
1981,5,0.0,1.98,1981-05-01,-0.24,0.2,-0.344,0.1796
1981,6,0.0,-0.2,1981-06-01,-0.7,-0.45,0.3517,-0.4379
1981,7,0.0,-0.64,1981-07-01,-0.61,0.05,-0.9859,0.5605
1981,8,0.0,-1.5,1981-08-01,-0.34,0.39,-2.1183,-0.2441
1981,9,0.0,0.15,1981-09-01,-0.07,-1.45,-1.5094,-1.0401
1981,10,0.0,-1.45,1981-10-01,-0.16,-1.35,-0.2603,-1.1675
1981,11,0.0,1.26,1981-11-01,-0.27,-0.38,0.6256,-0.1877
1981,12,0.0,-0.12,1981-12-01,-0.19,-0.02,1.1164,-1.2157
1982,1,7.0,-0.86,1982-01-01,-0.43,-0.89,-0.5544,-0.8834
1982,2,0.0,-0.68,1982-02-01,-0.49,1.15,0.2772,0.9739
1982,3,2.0,-1.4,1982-03-01,-0.27,1.15,1.6035,1.0741
1982,4,0.0,-1.89,1982-04-01,-0.36,0.1,1.5314,1.4538
1982,5,0.0,-0.7,1982-05-01,-0.12,-0.53,0.1179,-0.2087
1982,6,0.0,1.93,1982-06-01,0.62,-1.63,0.9201,-1.1801
1982,7,0.0,0.97,1982-07-01,1.65,1.15,-0.4147,0.0048
1982,8,0.0,0.34,1982-08-01,1.91,0.26,0.7793,0.3622
1982,9,0.0,1.05,1982-09-01,1.69,1.76,1.58,0.5577
1982,10,0.0,-0.93,1982-10-01,1.78,-0.74,-0.7023,-0.211
1982,11,0.0,-0.48,1982-11-01,2.14,1.6,-0.8492,0.6609
1982,12,0.0,0.75,1982-12-01,2.37,1.78,-1.9337,0.9672
1983,1,0.0,1.18,1983-01-01,2.48,1.59,-1.3404,1.3591
1983,2,0.0,1.3,1983-02-01,2.68,-0.53,-1.0807,-1.8059
1983,3,0.0,2.38,1983-03-01,2.61,0.95,0.1663,-0.5671
1983,4,0.0,1.26,1983-04-01,2.76,-0.85,0.1494,-0.7378
1983,5,0.0,-0.19,1983-05-01,2.86,-0.07,-0.4372,-0.4409
1983,6,0.0,1.87,1983-06-01,1.98,0.99,-0.2628,0.3125
1983,7,0.0,1.33,1983-07-01,0.63,1.19,1.1141,0.1305
1983,8,0.0,0.53,1983-08-01,-0.17,1.61,0.792,1.0978
1983,9,0.0,-1.59,1983-09-01,-0.49,-1.12,-0.696,0.1669
1983,10,0.0,0.09,1983-10-01,-0.53,0.65,1.1935,1.3689
1983,11,0.0,1.84,1983-11-01,-0.47,-0.98,0.7274,-0.6879
1983,12,0.3,-0.31,1983-12-01,-0.5,0.29,0.4755,0.1862
1984,1,0.0,0.97,1984-01-01,-0.54,1.66,-1.0975,0.905
1984,2,0.0,0.77,1984-02-01,-0.56,0.72,-0.5437,-0.3027
1984,3,0.0,1.41,1984-03-01,-0.16,-0.37,0.2509,-2.386
1984,4,0.0,1.7,1984-04-01,0.07,-0.28,-0.2042,-0.2836
1984,5,0.0,0.32,1984-05-01,-0.45,0.54,-1.2374,0.4792
1984,6,0.0,-0.44,1984-06-01,-0.66,-0.42,0.4261,0.0073
1984,7,0.0,-2.34,1984-07-01,-0.34,-0.07,0.8896,0.0189
1984,8,0.0,-1.11,1984-08-01,-0.2,1.15,-0.5484,0.4657
1984,9,0.0,0.03,1984-09-01,-0.14,0.17,0.327,-0.4128
1984,10,0.0,-0.63,1984-10-01,-0.19,-0.07,-0.0094,-0.2703
1984,11,0.0,0.42,1984-11-01,-0.58,-0.06,-0.0241,-0.9659
1984,12,2.4000000000000004,-1.6,1984-12-01,-0.28,0.0,-1.4756,0.446
1985,1,0.0,1.63,1985-01-01,-0.25,-1.61,-0.7948,-2.8057
1985,2,5.7,-0.52,1985-02-01,-0.58,-0.49,0.2155,-1.4398
1985,3,0.0,-0.92,1985-03-01,-0.6,0.2,-0.1336,0.5514
1985,4,0.0,-1.06,1985-04-01,-0.76,0.32,0.0315,0.6524
1985,5,0.0,-1.03,1985-05-01,-1.23,-0.49,-0.0661,-0.4322
1985,6,0.0,1.1,1985-06-01,-0.67,-0.8,-0.3307,-0.3466
1985,7,0.0,0.25,1985-07-01,-0.1,1.22,1.9137,-0.3896
1985,8,0.0,-0.5,1985-08-01,-0.49,-0.48,0.5948,-0.0014
1985,9,0.0,-0.71,1985-09-01,-0.56,-0.52,1.5073,0.1144
1985,10,0.0,-1.51,1985-10-01,-0.08,0.9,0.4708,1.0351
1985,11,17.5,-1.9,1985-11-01,-0.06,-0.67,1.0847,-1.2175
1985,12,1.7,1.39,1985-12-01,-0.42,0.22,1.2403,-1.9476
1986,1,0.0,0.97,1986-01-01,-0.4,1.11,0.1578,-0.5676
1986,2,1.1,0.53,1986-02-01,-0.34,-1.0,-1.588,-2.9041
1986,3,0.0,0.83,1986-03-01,-0.4,1.71,-0.7696,1.9308
1986,4,0.0,0.09,1986-04-01,-0.53,-0.59,-0.0867,0.103
1986,5,0.0,-0.13,1986-05-01,-0.26,0.85,-1.8466,0.3669
1986,6,0.0,0.26,1986-06-01,0.01,1.22,-0.6194,0.5346
1986,7,0.0,0.07,1986-07-01,0.41,0.12,0.0892,-0.0083
1986,8,0.0,-1.45,1986-08-01,0.97,-1.09,-0.157,-0.8263
1986,9,0.0,-0.29,1986-09-01,1.29,-1.12,0.8487,-0.0234
1986,10,0.0,0.92,1986-10-01,0.56,1.55,0.3057,1.4246
1986,11,0.0,-0.73,1986-11-01,0.64,2.29,-0.2225,0.9257
1986,12,0.0,1.37,1986-12-01,1.06,0.99,0.8863,0.0598
1987,1,1.4,1.0,1987-01-01,1.03,-1.15,-0.9504,-1.1476
1987,2,0.0,0.65,1987-02-01,1.16,-0.73,-0.7077,-1.4732
1987,3,0.0,1.17,1987-03-01,1.57,0.14,-0.1327,-1.7465
1987,4,0.0,1.83,1987-04-01,1.74,2.0,-0.2856,0.387
1987,5,0.0,-1.26,1987-05-01,1.96,0.98,0.0386,0.3252
1987,6,0.0,0.42,1987-06-01,2.07,-1.82,-0.7019,-0.7103
1987,7,0.0,-0.01,1987-07-01,1.88,0.52,-1.5313,-0.4663
1987,8,0.0,0.77,1987-08-01,1.46,-0.83,1.4852,-0.8357
1987,9,0.0,-3.07,1987-09-01,1.26,-1.22,-0.7989,0.2865
1987,10,0.0,0.53,1987-10-01,1.18,0.14,0.4555,-0.08
1987,11,0.0,1.26,1987-11-01,0.9,0.18,1.0604,-0.5358
1987,12,0.0,0.8,1987-12-01,0.79,0.32,0.2723,-0.5339
1988,1,0.0,0.53,1988-01-01,0.63,1.02,-0.6117,0.2647
1988,2,0.0,1.25,1988-02-01,0.33,0.76,0.5508,-1.0662
1988,3,0.0,0.69,1988-03-01,0.17,-0.17,-0.219,-0.1971
1988,4,0.0,1.4,1988-04-01,-0.01,-1.17,-0.0768,-0.5607
1988,5,0.0,0.6,1988-05-01,-0.39,0.63,-0.7486,-0.8461
1988,6,0.0,1.13,1988-06-01,-1.17,0.88,-1.0549,0.0605
1988,7,0.0,2.16,1988-07-01,-1.78,-0.35,0.576,-0.1434
1988,8,0.0,-0.59,1988-08-01,-1.81,0.04,-0.7449,0.2546
1988,9,0.0,-1.11,1988-09-01,-1.8,-0.99,-0.6885,1.0393
1988,10,0.0,0.66,1988-10-01,-1.59,-1.08,-2.314,0.0324
1988,11,0.0,0.13,1988-11-01,-1.7,-0.34,0.401,-0.0347
1988,12,0.0,0.63,1988-12-01,-1.55,0.61,1.0745,1.6788
1989,1,1.0,-0.72,1989-01-01,-1.12,1.17,0.6184,3.106
1989,2,5.8,-1.06,1989-02-01,-1.1,2.0,0.8489,3.2793
1989,3,7.4,-1.3,1989-03-01,-1.24,1.85,0.6321,1.5303
1989,4,0.0,-0.54,1989-04-01,-1.09,0.28,-0.5731,-0.2502
1989,5,0.0,-0.14,1989-05-01,-1.03,1.38,2.6906,0.8888
1989,6,0.0,-0.63,1989-06-01,-0.99,-0.27,1.9948,0.345
1989,7,0.0,-0.18,1989-07-01,-1.08,0.97,1.4576,0.8656
1989,8,0.0,-0.24,1989-08-01,-0.66,0.01,-0.1319,0.5509
1989,9,0.0,0.54,1989-09-01,-0.53,2.05,-0.1212,0.7031
1989,10,0.0,-1.13,1989-10-01,-0.49,-0.03,0.1358,0.9907
1989,11,0.0,-0.72,1989-11-01,-0.36,0.16,0.572,0.0338
1989,12,0.0,0.87,1989-12-01,-0.07,-1.15,-0.445,-0.6437
1990,1,0.0,-0.34,1990-01-01,0.13,1.04,-0.3521,1.0007
1990,2,9.8,-1.86,1990-02-01,0.45,1.41,1.1507,3.4016
1990,3,0.0,0.34,1990-03-01,0.61,1.46,0.4142,2.99
1990,4,0.0,-0.39,1990-04-01,0.17,2.0,-1.8786,1.8788
1990,5,0.0,0.21,1990-05-01,0.08,-1.53,-1.8034,0.9428
1990,6,0.0,-1.41,1990-06-01,0.05,-0.02,0.0931,0.3043
1990,7,0.0,0.17,1990-07-01,0.13,0.53,-1.2151,-0.2958
1990,8,0.0,1.79,1990-08-01,0.02,0.97,0.4657,-0.1802
1990,9,0.0,-0.5,1990-09-01,0.22,1.06,1.4816,-0.2104
1990,10,0.0,-0.97,1990-10-01,-0.07,0.23,0.139,0.6603
1990,11,0.0,-1.73,1990-11-01,0.12,-0.24,-0.359,0.5206
1990,12,3.8,-1.32,1990-12-01,0.31,0.22,-0.3117,1.2767
1991,1,0.4,0.66,1991-01-01,0.19,0.86,0.8689,0.7232
1991,2,0.0,1.07,1991-02-01,0.08,1.04,-0.8517,-0.876
1991,3,2.5,-0.94,1991-03-01,0.2,-0.2,0.5223,-0.5268
1991,4,0.0,0.64,1991-04-01,0.2,0.29,-0.6394,0.5302
1991,5,0.0,-0.81,1991-05-01,0.35,0.08,-0.5386,0.4865
1991,6,0.0,-0.97,1991-06-01,0.97,-0.82,-1.1546,-0.1154
1991,7,0.0,0.75,1991-07-01,0.91,-0.49,-1.2202,-0.188
1991,8,0.0,-0.25,1991-08-01,0.37,1.23,0.0355,0.7969
1991,9,0.0,1.43,1991-09-01,0.54,0.48,-0.513,-0.1122
1991,10,0.0,-2.28,1991-10-01,0.97,-0.19,-0.6232,-0.2519
1991,11,0.0,0.24,1991-11-01,1.04,0.48,-0.8042,0.2847
1991,12,0.0,0.47,1991-12-01,1.23,0.46,-2.0675,1.6132
1992,1,0.0,1.28,1992-01-01,1.68,-0.13,0.0726,0.55
1992,2,0.0,0.29,1992-02-01,1.58,1.07,-1.6268,1.1217
1992,3,0.0,0.77,1992-03-01,1.71,0.87,-1.0103,0.9842
1992,4,0.0,-0.05,1992-04-01,1.97,1.86,-0.4393,-0.5205
1992,5,0.0,1.27,1992-05-01,1.68,2.63,-2.032,1.3414
1992,6,0.0,1.17,1992-06-01,1.51,0.2,-2.1933,-0.302
1992,7,0.0,0.85,1992-07-01,0.62,0.16,-0.5662,0.1911
1992,8,0.0,-0.34,1992-08-01,-0.02,0.85,-0.3495,0.5353
1992,9,0.0,-1.31,1992-09-01,0.4,-0.44,0.435,-0.6403
1992,10,0.0,0.21,1992-10-01,0.67,-1.76,-0.3194,-0.3659
1992,11,0.0,0.85,1992-11-01,0.62,1.19,0.1218,0.717
1992,12,6.7,-1.23,1992-12-01,0.73,0.47,0.2436,1.6267
1993,1,1.3,-0.65,1993-01-01,0.79,1.6,-2.0206,3.4953
1993,2,1.4,0.55,1993-02-01,0.89,0.5,0.437,0.1845
1993,3,0.0,1.27,1993-03-01,0.77,0.67,-0.3776,0.7643
1993,4,0.0,1.54,1993-04-01,0.98,0.97,0.0872,-0.4354
1993,5,0.0,2.66,1993-05-01,1.47,-0.78,1.2599,-1.6075
1993,6,0.0,0.52,1993-06-01,1.51,-0.59,1.2179,-0.5195
1993,7,0.0,0.15,1993-07-01,0.9,-3.18,1.9571,-0.5107
1993,8,0.0,-0.14,1993-08-01,0.6,0.12,1.0829,-0.393
1993,9,0.0,-1.12,1993-09-01,0.61,-0.57,1.061,-0.3606
1993,10,0.0,-0.3,1993-10-01,0.96,-0.71,0.7481,-0.565
1993,11,0.0,-0.36,1993-11-01,0.7,2.56,0.3237,1.0018
1993,12,0.0,0.72,1993-12-01,0.27,1.56,1.0281,-0.1041
1994,1,0.0,-0.12,1994-01-01,-0.01,1.04,0.7227,-0.2879
1994,2,2.0999999999999996,-0.73,1994-02-01,-0.21,0.46,1.157,-0.8615
1994,3,0.2,0.54,1994-03-01,-0.23,1.26,0.6933,1.881
1994,4,0.0,-0.47,1994-04-01,0.01,1.14,-0.0525,0.2247
1994,5,0.0,0.45,1994-05-01,-0.03,-0.57,-0.1527,-0.1154
1994,6,0.0,-1.38,1994-06-01,0.25,1.52,-1.6819,1.6063
1994,7,0.0,0.38,1994-07-01,0.96,1.31,-0.4922,0.3507
1994,8,0.0,-1.34,1994-08-01,0.87,0.38,1.9099,0.8275
1994,9,0.0,-2.38,1994-09-01,1.1,-1.32,-0.947,-0.0841
1994,10,0.0,-0.23,1994-10-01,1.52,-0.97,-0.5778,0.174
1994,11,0.0,-1.67,1994-11-01,1.01,0.64,-0.7926,1.7794
1994,12,1.9000000000000001,0.69,1994-12-01,0.91,2.02,0.9327,0.8938
1995,1,0.0,0.66,1995-01-01,0.82,0.93,1.4485,-0.1538
1995,2,0.2,0.73,1995-02-01,0.54,1.14,0.5329,1.4289
1995,3,0.0,0.33,1995-03-01,0.17,1.25,-0.1544,0.3932
1995,4,0.0,0.29,1995-04-01,0.13,-0.85,0.6488,-0.9631
1995,5,0.0,0.01,1995-05-01,0.14,-1.49,1.3967,-0.8912
1995,6,0.0,0.74,1995-06-01,0.01,0.13,-0.802,-0.1118
1995,7,0.0,-0.34,1995-07-01,-0.29,-0.22,-3.0097,-0.2171
1995,8,0.0,-0.3,1995-08-01,-0.7,0.69,-0.6965,0.5436
1995,9,0.0,1.52,1995-09-01,-0.94,0.31,1.1733,-0.549
1995,10,0.0,-0.05,1995-10-01,-0.74,0.19,-0.057,0.075
1995,11,0.0,-0.75,1995-11-01,-0.77,-1.38,0.1429,-0.7233
1995,12,0.0,0.92,1995-12-01,-0.9,-1.67,1.4697,-2.1271
1996,1,10.5,-0.02,1996-01-01,-0.85,-0.12,0.3321,-1.2004
1996,2,0.5,-0.3,1996-02-01,-0.8,-0.07,-0.525,0.1632
1996,3,0.0,-0.47,1996-03-01,-0.66,-0.24,0.5435,-1.4832
1996,4,0.0,0.77,1996-04-01,-0.76,-0.17,0.115,-1.5251
1996,5,0.0,0.32,1996-05-01,-0.85,-1.06,0.9832,-0.2264
1996,6,0.0,-1.21,1996-06-01,-0.91,0.56,-0.252,0.4967
1996,7,0.0,0.64,1996-07-01,-0.83,0.67,0.0209,0.7146
1996,8,0.0,-0.9,1996-08-01,-0.64,1.02,-1.5019,0.1247
1996,9,0.0,-0.28,1996-09-01,-0.31,-0.86,-1.3144,-1.14
1996,10,0.0,-0.76,1996-10-01,-0.37,-0.33,0.9657,0.1825
1996,11,0.0,-0.45,1996-11-01,-0.34,-0.56,-1.6669,0.1364
1996,12,0.0,-1.23,1996-12-01,-0.47,-1.41,-0.0231,-1.7208
1997,1,0.0,0.63,1997-01-01,-0.65,-0.49,0.3689,-0.4568
1997,2,0.0,0.56,1997-02-01,-0.72,1.7,-0.2442,1.8887
1997,3,0.0,-1.3,1997-03-01,-0.3,1.46,0.701,1.0908
1997,4,0.0,0.55,1997-04-01,0.15,-1.02,-0.4576,0.3236
1997,5,0.0,0.78,1997-05-01,0.71,-0.28,1.0281,-0.9611
1997,6,0.0,-0.34,1997-06-01,2.34,-1.47,-0.4576,-0.815
1997,7,0.0,0.56,1997-07-01,2.26,0.34,0.7797,-0.4306
1997,8,0.0,-0.52,1997-08-01,2.26,0.83,0.7684,0.1206
1997,9,0.0,0.31,1997-09-01,2.2,0.61,0.1222,0.1945
1997,10,0.0,-0.26,1997-10-01,2.06,-1.7,-0.5947,-0.6997
1997,11,0.0,0.91,1997-11-01,2.14,-0.9,-1.9046,-0.6611
1997,12,0.0,1.16,1997-12-01,2.11,-0.96,-0.8355,-0.0711
1998,1,0.0,0.74,1998-01-01,2.3,0.39,0.4125,-2.0806
1998,2,0.0,0.89,1998-02-01,2.45,-0.11,0.3896,-0.1832
1998,3,0.0,1.01,1998-03-01,2.27,0.87,0.7359,-0.2544
1998,4,0.0,1.12,1998-04-01,2.61,-0.68,1.9273,-0.0379
1998,5,0.0,-2.22,1998-05-01,2.33,-1.32,-0.0381,0.4286
1998,6,0.0,-0.02,1998-06-01,0.42,-2.72,1.031,-0.7107
1998,7,0.0,2.24,1998-07-01,-1.53,-0.48,1.45,-0.2117
1998,8,0.0,-0.57,1998-08-01,-1.82,-0.02,0.9041,0.6503
1998,9,0.0,0.55,1998-09-01,-1.4,-2.0,-0.1224,-1.0499
1998,10,0.0,0.55,1998-10-01,-1.29,-0.29,0.3995,0.2943
1998,11,0.0,0.74,1998-11-01,-1.34,-0.28,0.8172,-1.4494
1998,12,0.0,-0.09,1998-12-01,-1.29,0.87,1.4352,1.3534
1999,1,0.0,0.16,1999-01-01,-1.28,0.77,0.9991,0.1103
1999,2,0.0,-0.12,1999-02-01,-1.2,0.29,0.4559,0.4821
1999,3,0.0,0.69,1999-03-01,-1.15,0.23,0.1804,-1.4916
1999,4,0.0,0.3,1999-04-01,-1.16,-0.95,0.9494,0.2844
1999,5,0.0,-0.15,1999-05-01,-1.33,0.92,1.639,0.2259
1999,6,0.0,0.3,1999-06-01,-1.26,1.12,-1.3249,0.707
1999,7,0.0,-0.54,1999-07-01,-1.18,-0.9,0.3156,-0.002
1999,8,0.0,1.97,1999-08-01,-1.03,0.39,0.0419,-0.6721
1999,9,0.0,0.44,1999-09-01,-1.16,0.36,-0.0121,0.0591
1999,10,0.0,0.41,1999-10-01,-1.33,0.2,1.6535,-0.0058
1999,11,0.0,0.48,1999-11-01,-1.33,0.65,0.9006,0.6109
1999,12,0.0,0.21,1999-12-01,-1.43,1.61,1.7838,1.0431
2000,1,0.0,-0.82,2000-01-01,-1.25,0.6,1.2734,1.2702
2000,2,0.0,1.12,2000-02-01,-1.26,1.7,0.6197,1.0758
2000,3,0.0,1.28,2000-03-01,-1.37,0.77,0.1331,-0.4514
2000,4,0.0,-0.35,2000-04-01,-0.9,-0.03,0.2327,-0.2785
2000,5,0.0,-0.28,2000-05-01,-0.93,1.58,1.1271,0.9691
2000,6,0.0,-1.22,2000-06-01,-1.18,-0.03,0.1172,0.5861
2000,7,0.0,-2.28,2000-07-01,-0.61,-1.03,0.0586,-0.6494
2000,8,0.0,-0.48,2000-08-01,-0.08,-0.29,-0.6735,0.1439
2000,9,0.0,-1.4,2000-09-01,-0.35,-0.21,-1.8529,0.3949
2000,10,0.0,0.25,2000-10-01,-0.52,0.92,0.347,0.3168
2000,11,0.0,0.74,2000-11-01,-0.86,-0.92,-1.5371,-1.5815
2000,12,0.0,1.23,2000-12-01,-0.79,-0.58,-1.2903,-2.3544
2001,1,0.0,1.51,2001-01-01,-0.83,0.25,-0.4709,-0.9588
2001,2,0.0,-0.16,2001-02-01,-0.86,0.45,-0.2649,-0.6224
2001,3,0.0,0.7,2001-03-01,-0.78,-1.26,-0.5548,-1.6865
2001,4,0.0,-0.47,2001-04-01,-0.55,0.0,0.515,0.906
2001,5,0.0,-0.11,2001-05-01,-0.51,-0.02,-0.2622,0.452
2001,6,0.0,-0.94,2001-06-01,-0.73,-0.2,0.3861,-0.0153
2001,7,0.0,0.06,2001-07-01,0.04,-0.25,-0.9283,-0.031
2001,8,0.0,-0.11,2001-08-01,0.38,-0.07,0.9103,0.5205
2001,9,0.0,0.1,2001-09-01,-0.06,-0.65,1.1614,-0.7066
2001,10,0.0,-0.22,2001-10-01,-0.22,-0.24,1.2771,0.7075
2001,11,0.0,1.09,2001-11-01,-0.28,0.63,0.9958,0.8186
2001,12,0.0,0.56,2001-12-01,0.06,-0.83,1.4736,-1.3224
2002,1,0.0,-0.04,2002-01-01,0.09,0.44,0.7469,1.3813
2002,2,0.0,0.14,2002-02-01,-0.26,1.1,1.3341,1.3035
2002,3,0.0,-1.3,2002-03-01,-0.2,0.69,-1.8235,0.902
2002,4,0.0,-2.22,2002-04-01,-0.36,1.18,0.165,0.7484
2002,5,0.0,-0.73,2002-05-01,-0.14,-0.22,-2.7985,0.4014
2002,6,0.0,-0.05,2002-06-01,0.34,0.38,-1.112,0.5727
2002,7,0.0,0.88,2002-07-01,0.44,0.62,-0.5909,0.3276
2002,8,0.0,0.64,2002-08-01,1.01,0.38,-0.0994,-0.2285
2002,9,0.0,0.77,2002-09-01,0.88,-0.7,-0.8645,-0.0427
2002,10,0.0,-0.65,2002-10-01,0.84,-2.28,-2.564,-1.4885
2002,11,0.0,1.54,2002-11-01,0.84,-0.18,-0.9235,-1.4251
2002,12,0.0,1.59,2002-12-01,0.91,-0.94,1.3085,-1.5921
2003,1,0.0,1.29,2003-01-01,0.82,0.16,-0.9879,-0.4717
2003,2,0.0,0.73,2003-02-01,0.63,0.62,-0.3569,0.1278
2003,3,0.0,-0.07,2003-03-01,0.53,0.32,-0.1877,0.933
2003,4,0.0,0.14,2003-04-01,-0.11,-0.18,0.2243,-0.1781
2003,5,0.0,-2.2,2003-05-01,-0.61,0.01,0.3845,1.0167
2003,6,0.0,-0.6,2003-06-01,-0.1,-0.07,-0.7745,-0.1021
2003,7,0.0,1.23,2003-07-01,0.01,0.13,0.727,0.0753
2003,8,0.0,-0.28,2003-08-01,0.05,-0.07,0.678,-0.2804
2003,9,0.0,0.76,2003-09-01,0.18,0.01,-0.3231,0.4666
2003,10,0.0,0.97,2003-10-01,0.28,-1.26,-0.0249,-0.6698
2003,11,0.0,-1.72,2003-11-01,0.3,0.86,-0.7117,0.6424
2003,12,0.0,0.86,2003-12-01,0.14,0.64,-1.3229,0.2652
2004,1,0.0,0.41,2004-01-01,0.19,-0.29,0.8071,-1.6858
2004,2,0.0,1.06,2004-02-01,-0.05,-0.14,-1.1819,-1.5285
2004,3,0.0,0.3,2004-03-01,-0.43,1.02,0.4317,0.3181
2004,4,0.0,0.51,2004-04-01,-0.23,1.15,0.151,-0.4094
2004,5,0.0,-1.76,2004-05-01,-0.46,0.19,0.4596,-0.0943
2004,6,0.0,-0.37,2004-06-01,-0.39,-0.89,1.1954,-0.2359
2004,7,0.0,0.09,2004-07-01,0.46,1.13,1.4743,-0.2005
2004,8,0.0,1.55,2004-08-01,0.77,-0.48,-0.0712,-0.7202
2004,9,0.0,-0.08,2004-09-01,0.59,0.38,0.2536,0.855
2004,10,0.0,-1.39,2004-10-01,0.4,-1.1,-0.0425,-0.5154
2004,11,0.0,0.31,2004-11-01,0.56,0.73,-0.2422,0.6783
2004,12,0.0,0.26,2004-12-01,0.48,1.21,-0.9729,1.2301
2005,1,0.0,0.02,2005-01-01,0.09,1.52,-0.1287,0.3562
2005,2,0.0,0.14,2005-02-01,0.61,-0.06,1.2435,-1.2706
2005,3,0.0,0.88,2005-03-01,0.83,-1.83,0.1583,-1.3479
2005,4,0.0,1.28,2005-04-01,0.14,-0.3,0.3554,-0.0462
2005,5,0.0,1.74,2005-05-01,0.19,-1.25,-0.2973,-0.7634
2005,6,0.0,0.29,2005-06-01,0.2,-0.05,-1.4277,-0.3832
2005,7,0.0,0.43,2005-07-01,-0.0,-0.51,-0.252,-0.0302
2005,8,0.0,0.72,2005-08-01,0.01,0.37,0.2282,0.0261
2005,9,0.0,1.63,2005-09-01,-0.02,0.63,0.2407,0.8024
2005,10,0.0,0.9,2005-10-01,-0.66,-0.98,0.031,0.0298
2005,11,0.0,-0.76,2005-11-01,-0.7,-0.31,-0.5515,0.2277
2005,12,0.0,1.38,2005-12-01,-0.7,-0.44,-1.9678,-2.1039
2006,1,0.0,0.4337,2006-01-01,-0.64,1.2651,0.3389,-0.1705
2006,2,0.0,-0.1119,2006-02-01,-0.48,-0.5106,-0.2113,-0.1558
2006,3,0.0,-0.2744,2006-03-01,-0.62,-1.2779,0.5006,-1.6038
2006,4,0.0,0.4461,2006-04-01,-0.84,1.2353,-0.1693,0.1383
2006,5,0.0,-1.2712,2006-05-01,-0.42,-1.1444,1.6954,0.1558
2006,6,0.0,-1.0634,2006-06-01,-0.18,0.8412,0.438,1.0708
2006,7,0.0,1.834,2006-07-01,0.21,0.9024,0.9255,0.1027
2006,8,0.0,-1.4073,2006-08-01,0.59,-1.7264,-1.7271,-0.2652
2006,9,0.0,0.424,2006-09-01,0.65,-1.6219,-0.3241,0.6065
2006,10,0.0,-0.838,2006-10-01,0.77,-2.2439,0.8792,-1.0291
2006,11,0.0,-1.3886,2006-11-01,1.0,0.4368,0.1013,0.5213
2006,12,0.0,1.8647,2006-12-01,0.64,1.3366,0.6384,2.2817
2007,1,0.0,0.7169,2007-01-01,0.64,0.2227,-0.0828,2.0338
2007,2,0.0,-0.0874,2007-02-01,0.39,-0.47,0.0749,-1.3069
2007,3,0.0,0.1808,2007-03-01,-0.19,1.4425,-0.5701,1.1821
2007,4,0.0,1.245,2007-04-01,-0.32,0.1694,-1.0352,0.5443
2007,5,0.0,-0.0571,2007-05-01,-0.41,0.6638,-0.6119,0.8937
2007,6,0.0,-0.3786,2007-06-01,-0.83,-1.3064,-1.198,-0.555
2007,7,0.0,2.2087,2007-07-01,-0.75,-0.5794,-2.6307,-0.3965
2007,8,0.0,1.9775,2007-08-01,-0.9,-0.139,-0.1079,-0.0337
2007,9,0.0,1.8826,2007-09-01,-1.06,0.7213,0.0305,0.1789
2007,10,0.0,0.5504,2007-10-01,-1.13,0.4465,-0.4337,0.3835
2007,11,0.0,0.6926,2007-11-01,-1.12,0.5756,-0.9838,-0.5187
2007,12,0.0,0.1395,2007-12-01,-1.19,0.3436,1.9293,0.8211
2008,1,0.0,-0.3179,2008-01-01,-1.06,0.8901,1.2085,0.819
2008,2,0.0,0.5006,2008-02-01,-1.27,0.7346,1.1474,0.9381
2008,3,0.0,-0.3225,2008-03-01,-1.52,0.0761,0.5875,0.5856
2008,4,0.0,-0.9707,2008-04-01,-1.11,-1.0655,-0.8734,-0.455
2008,5,0.0,1.3274,2008-05-01,-0.99,-1.728,-0.4898,-1.2047
2008,6,0.0,-1.7529,2008-06-01,-0.8,-1.3895,1.3484,-0.0898
2008,7,0.0,-0.0988,2008-07-01,-0.78,-1.2741,0.3202,-0.4799
2008,8,0.0,0.9209,2008-08-01,-1.01,-1.1602,0.087,-0.0805
2008,9,0.0,1.1173,2008-09-01,-1.02,1.0169,1.3856,-0.3266
2008,10,0.0,0.8563,2008-10-01,-1.08,-0.0434,1.2149,1.6758
2008,11,0.0,1.1104,2008-11-01,-0.98,-0.3199,0.9197,0.0922
2008,12,13.9,-1.4097,2008-12-01,-1.01,-0.2765,1.1938,0.6478
2009,1,3.9000000000000004,0.606,2009-01-01,-1.01,-0.0075,0.9626,0.7997
2009,2,2.5,-0.9476,2009-02-01,-0.85,0.0565,0.4558,-0.6723
2009,3,3.0,-1.0245,2009-03-01,-0.95,0.5723,0.6046,0.1213
2009,4,0.0,0.2112,2009-04-01,-0.81,-0.2044,0.0292,0.9725
2009,5,0.0,-0.5809,2009-05-01,-0.72,1.6827,-0.7328,1.1937
2009,6,0.0,0.3505,2009-06-01,-0.05,-1.2074,-0.47,-1.3507
2009,7,0.0,1.2175,2009-07-01,0.56,-2.1529,-1.2342,-1.3559
2009,8,0.0,0.6496,2009-08-01,0.56,-0.1938,-0.6856,-0.0537
2009,9,0.0,1.2891,2009-09-01,0.42,1.5089,-0.0165,0.8745
2009,10,0.0,0.431,2009-10-01,0.56,-1.0322,0.0848,-1.5399
2009,11,0.0,0.2057,2009-11-01,1.04,-0.0248,-1.9151,0.4589
2009,12,0.0,0.3386,2009-12-01,0.95,-1.9257,0.6068,-3.4128
2010,1,0.0,1.2536,2010-01-01,0.93,-1.1086,-0.7569,-2.5868
2010,2,0.0,0.5788,2010-02-01,1.28,-1.9845,-0.7752,-4.2657
2010,3,0.0,2.0197,2010-03-01,1.33,-0.8831,0.1083,-0.4321
2010,4,0.0,1.5365,2010-04-01,0.49,-0.7199,0.3774,-0.2745
2010,5,0.0,-0.9322,2010-05-01,-0.12,-1.487,1.021,-0.9186
2010,6,0.0,-0.2042,2010-06-01,-1.29,-0.816,2.0707,-0.013
2010,7,0.0,1.3955,2010-07-01,-2.43,-0.425,2.4237,0.4353
2010,8,0.0,1.1019,2010-08-01,-2.38,-1.2227,1.5101,-0.1166
2010,9,0.0,1.3359,2010-09-01,-2.26,-0.7948,0.4018,-0.8646
2010,10,0.0,1.7967,2010-10-01,-2.16,-0.9283,1.3349,-0.467
2010,11,2.5,-0.845,2010-11-01,-2.01,-1.6158,1.5163,-0.3757
2010,12,0.5,-1.7774,2010-12-01,-1.86,-1.8472,0.2054,-2.631
2011,1,2.8,1.2855,2011-01-01,-1.77,-0.8768,0.0524,-1.6831
2011,2,2.0,-1.5807,2011-02-01,-1.59,0.7012,1.0738,1.5754
2011,3,0.0,0.6887,2011-03-01,-1.75,0.6129,-0.2962,1.4241
2011,4,0.0,-1.5859,2011-04-01,-1.69,2.4775,-0.87,2.2748
2011,5,0.0,0.1896,2011-05-01,-1.23,-0.0623,1.2657,-0.0351
2011,6,0.0,0.2236,2011-06-01,-1.02,-1.2795,-0.099,-0.8578
2011,7,0.0,-0.355,2011-07-01,-0.75,-1.5122,-1.3842,-0.4716
2011,8,0.0,1.4217,2011-08-01,-0.81,-1.3475,-1.202,-1.0626
2011,9,0.0,-0.4196,2011-09-01,-1.08,0.536,-1.25,0.6647
2011,10,0.0,0.6273,2011-10-01,-1.3,0.3935,0.3882,0.7998
2011,11,0.0,-0.7886,2011-11-01,-1.14,1.3602,-0.9075,1.4592
2011,12,0.0,0.3635,2011-12-01,-1.18,2.5213,2.5735,2.2208
2012,1,9.6,0.6035,2012-01-01,-1.07,1.1739,1.5833,-0.2197
2012,2,0.0,0.7501,2012-02-01,-0.68,0.4201,-0.2831,-0.0363
2012,3,0.9,0.1075,2012-03-01,-0.58,1.2655,0.2748,1.0371
2012,4,0.0,0.1542,2012-04-01,-0.38,0.471,0.6656,-0.0346
2012,5,0.0,-0.4228,2012-05-01,-0.32,-0.9068,0.1528,0.1684
2012,6,0.0,-0.5009,2012-06-01,-0.28,-2.5309,-0.1971,-0.6724
2012,7,0.0,-0.1625,2012-07-01,0.34,-1.3215,1.2593,0.1678
2012,8,0.0,-0.1709,2012-08-01,-0.02,-0.9832,0.4888,0.014
2012,9,0.0,-0.4217,2012-09-01,-0.29,-0.5861,0.5624,0.7722
2012,10,0.0,-1.1764,2012-10-01,-0.19,-2.062,-0.4442,-1.514
2012,11,0.0,-1.095,2012-11-01,-0.03,-0.5782,-1.7009,-0.1106
2012,12,0.6,-1.0097,2012-12-01,-0.03,0.1706,-0.7635,-1.7486
2013,1,0.0,0.5458,2013-01-01,-0.06,0.3453,0.071,-0.6095
2013,2,0.0,0.4483,2013-02-01,-0.08,-0.4531,0.7156,-1.0074
2013,3,0.0,0.038,2013-03-01,-0.12,-1.6119,1.3748,-3.1854
2013,4,0.0,-1.5574,2013-04-01,-0.35,0.687,0.6106,0.3222
2013,5,0.0,-0.3636,2013-05-01,-0.68,0.5691,0.3596,0.494
2013,6,0.0,-0.4348,2013-06-01,-1.14,0.5208,-0.2711,0.5487
2013,7,0.0,-0.3068,2013-07-01,-0.79,0.6722,0.9453,-0.0111
2013,8,0.0,-0.0293,2013-08-01,-0.45,0.9702,-1.5609,0.1542
2013,9,0.0,0.5445,2013-09-01,-0.33,0.2406,-1.6583,-0.4609
2013,10,0.0,-0.3405,2013-10-01,-0.13,-1.2801,-0.4576,0.2628
2013,11,0.0,-1.1833,2013-11-01,-0.16,0.9008,0.1888,2.029
2013,12,1.1,-0.8582,2013-12-01,-0.34,0.9457,0.0613,1.4749
2014,1,0.0,0.9683,2014-01-01,-0.5,0.2903,-0.6826,-0.9688
2014,2,2.9,-0.9513,2014-02-01,-0.42,1.3352,0.3222,0.0438
2014,3,0.0,-0.2085,2014-03-01,-0.05,0.7983,0.467,1.2058
2014,4,0.0,0.2465,2014-04-01,-0.16,0.3052,0.6137,0.972
2014,5,0.0,-0.7633,2014-05-01,-0.17,-0.9225,-0.4452,0.4642
2014,6,0.0,-1.4583,2014-06-01,0.0,-0.9701,0.8412,-0.5074
2014,7,0.0,0.9871,2014-07-01,0.42,0.1754,0.247,-0.4889
2014,8,0.0,1.3699,2014-08-01,0.23,-1.6815,-0.0589,-0.3715
2014,9,0.0,0.9892,2014-09-01,-0.09,1.6163,-1.1189,0.1019
2014,10,0.0,0.887,2014-10-01,0.12,-1.2706,-0.039,-1.1344
2014,11,0.8,0.6782,2014-11-01,0.37,0.678,-0.5192,-0.5303
2014,12,0.0,0.6689,2014-12-01,0.35,1.8575,1.3222,0.4129
2015,1,0.0,0.6124,2015-01-01,0.23,1.7887,0.6747,1.0916
2015,2,0.0,0.59,2015-02-01,0.06,1.3228,1.2165,1.0426
2015,3,0.0,-0.2299,2015-03-01,0.15,1.4497,0.7733,1.8374
2015,4,0.0,-0.1502,2015-04-01,0.31,0.7253,1.0286,1.2157
2015,5,0.0,-0.1578,2015-05-01,0.95,0.1455,0.4156,0.7628
2015,6,0.0,-0.1731,2015-06-01,1.9,-0.0668,0.7113,0.427
2015,7,0.0,0.7612,2015-07-01,1.79,-3.179,1.678,-1.1079
2015,8,0.0,0.0789,2015-08-01,1.95,-0.7604,1.0618,-0.689
2015,9,0.0,-0.9181,2015-09-01,2.24,-0.6485,0.5424,-0.1645
2015,10,0.0,1.775,2015-10-01,2.15,0.4372,-0.1699,-0.2501
2015,11,0.0,-0.1927,2015-11-01,1.94,1.7438,0.6954,1.945
2015,12,0.0,0.7771,2015-12-01,1.93,2.2436,-0.0589,1.4441
2016,1,0.0,2.0213,2016-01-01,1.94,0.1165,1.3918,-1.4487
2016,2,0.0,1.4822,2016-02-01,1.81,1.5803,1.0933,-0.0235
2016,3,0.0,0.7278,2016-03-01,1.32,0.7344,2.0383,0.2802
2016,4,0.0,0.8657,2016-04-01,1.33,0.3751,0.0969,-1.0511
2016,5,0.0,-1.0611,2016-05-01,1.24,-0.7736,0.0124,-0.0357
2016,6,0.0,-0.7011,2016-06-01,0.36,-0.4325,2.5655,0.3129
2016,7,0.0,1.0193,2016-07-01,-0.53,-1.7603,0.4066,0.0848
2016,8,0.0,-0.8759,2016-08-01,-0.27,-1.6453,-0.7385,0.4724
2016,9,0.0,0.182,2016-09-01,-0.29,0.611,2.3328,0.781
2016,10,0.0,1.2393,2016-10-01,-0.54,0.4113,-0.1772,-1.9173
2016,11,0.0,1.517,2016-11-01,-0.48,-0.1637,-1.5077,-0.6109
2016,12,1.0,-0.3534,2016-12-01,-0.37,0.4783,-0.7112,1.7864
2017,1,3.0,0.28,2017-01-01,-0.43,0.4782,-0.9822,0.942
2017,2,7.199999999999999,0.1848,2017-02-01,-0.42,1.0048,-0.0149,0.3399
2017,3,0.0,0.2682,2017-03-01,-0.58,0.737,0.1561,1.3654
2017,4,0.0,0.3966,2017-04-01,-0.19,1.7325,0.6192,-0.0887
2017,5,0.0,-0.3112,2017-05-01,0.19,-1.911,1.0528,-0.7301
2017,6,0.0,1.0051,2017-06-01,-0.24,0.045,0.5464,0.4017
2017,7,0.0,1.8642,2017-07-01,-0.63,1.2556,0.7284,0.6342
2017,8,0.0,0.2317,2017-08-01,-0.73,-1.0977,0.7641,0.15
2017,9,0.0,-0.3308,2017-09-01,-0.74,-0.6127,1.2961,-0.4924
2017,10,0.0,-0.398,2017-10-01,-0.59,0.1859,-0.5676,0.6903
2017,11,0.4,-2.0568,2017-11-01,-0.62,-0.0049,0.7706,-0.0776
2017,12,2.6,0.8877,2017-12-01,-0.74,0.8816,0.9839,-0.059
2018,1,0.0,0.3995,2018-01-01,-0.79,1.4423,1.2752,-0.2808
2018,2,1.0,-1.0256,2018-02-01,-0.71,1.5778,1.0411,0.1127
2018,3,0.0,-0.886,2018-03-01,-0.8,-0.9269,0.1405,-0.9411
2018,4,0.0,-0.9091,2018-04-01,-1.32,1.2411,-1.1662,0.5439
2018,5,0.0,-1.3363,2018-05-01,-0.94,2.1208,-0.0766,1.1796
2018,6,0.0,0.5115,2018-06-01,-0.52,1.088,-0.0119,0.3799
2018,7,0.0,-0.3674,2018-07-01,-0.05,1.3893,0.3768,0.6118
2018,8,0.0,1.2674,2018-08-01,0.46,1.967,-0.3428,0.8361
2018,9,0.0,1.4366,2018-09-01,0.62,1.6736,1.4584,0.5845
2018,10,0.0,0.21,2018-10-01,0.52,0.9345,0.5303,0.4128
2018,11,0.0,0.2415,2018-11-01,0.33,-0.1113,0.9907,-1.1162
2018,12,0.0,0.8604,2018-12-01,0.18,0.6116,0.9299,0.1097
2019,1,0.0,0.8342,2019-01-01,0.09,0.592,0.6767,-0.7132
2019,2,20.2,-1.076,2019-02-01,0.5,0.2914,-0.4996,1.1495
2019,3,0.8,0.2502,2019-03-01,0.76,1.2321,0.7446,2.1161
2019,4,0.0,-0.6116,2019-04-01,0.3,0.466,0.3358,-0.2553
2019,5,0.0,-0.2907,2019-05-01,0.23,-2.623,0.3346,-1.2313
2019,6,0.0,0.1212,2019-06-01,0.35,-1.0886,1.465,-0.6013
2019,7,0.0,1.1116,2019-07-01,0.3,-1.4255,-0.3897,-0.8897
2019,8,0.0,1.1786,2019-08-01,0.32,-1.1684,-1.0804,-0.7218
2019,9,0.0,2.0,2019-09-01,0.16,-0.1641,0.563,0.3062
2019,10,0.0,-1.0241,2019-10-01,0.31,-1.4134,-0.9252,-0.0822
2019,11,0.0,-0.0565,2019-11-01,0.47,0.2785,-1.8398,-1.1934
2019,12,0.0,0.1809,2019-12-01,0.36,1.2016,-1.3599,0.4121
2020,1,0.7,-0.2369,2020-01-01,0.25,1.3432,-0.2312,2.419
2020,2,0.0,0.1722,2020-02-01,0.26,1.257,0.2746,3.4172
2020,3,0.0,-2.171,2020-03-01,0.13,1.0126,1.4264,2.6414
2020,4,0.0,-1.1756,2020-04-01,-0.15,-1.0224,-0.4752,0.9281
2020,5,0.0,0.2107,2020-05-01,-0.23,-0.4098,0.5766,-0.0271
2020,6,0.0,0.7038,2020-06-01,-0.68,-0.1469,1.0708,-0.1218
2020,7,0.0,1.7276,2020-07-01,-0.94,-1.2262,-0.5464,-0.4118
2020,8,0.0,1.8218,2020-08-01,-0.96,0.1217,-0.7205,-0.3812
2020,9,0.0,0.7536,2020-09-01,-1.15,0.985,0.1943,0.6314
2020,10,0.0,-1.1312,2020-10-01,-1.17,-0.6547,1.2636,-0.0717
2020,11,0.0,0.2351,2020-11-01,-1.13,2.5445,0.8132,2.0864
2020,12,0.5,1.5844,2020-12-01,-1.14,-0.3024,1.4813,-1.736
2021,1,0.0,0.1861,2021-01-01,-1.2,-1.1087,1.0446,-2.4836
2021,2,12.4,-0.3074,2021-02-01,-0.96,0.1361,1.3435,-1.1907
2021,3,0.0,-0.9688,2021-03-01,-0.79,0.7299,0.0858,2.1092
2021,4,0.0,-1.0486,2021-04-01,-0.95,-1.4251,0.8274,-0.2044
2021,5,0.0,-1.3469,2021-05-01,-1.07,-1.2386,0.3138,-0.1606
2021,6,0.0,0.666,2021-06-01,-1.05,0.7655,1.1792,0.8446
2021,7,0.0,0.5624,2021-07-01,-1.44,0.026,-0.4595,0.6302
2021,8,0.0,0.9547,2021-08-01,-1.29,-0.2825,-0.2268,-0.2093
2021,9,0.0,0.4433,2021-09-01,-1.38,-0.2137,1.3364,-0.2516
2021,10,0.0,1.134,2021-10-01,-1.46,-2.2899,0.4532,-0.1458
2021,11,0.0,0.7215,2021-11-01,-1.39,-0.1846,1.3211,0.093
2021,12,9.2,-2.5584,2021-12-01,-1.2,0.2885,2.1548,0.1981
2022,1,0.0,1.0093,2022-01-01,-1.01,1.0778,0.8252,0.8483
2022,2,0.0,0.6577,2022-02-01,-0.98,1.683,0.6432,1.5444
2022,3,0.0,0.1348,2022-03-01,-1.31,0.7677,0.5584,0.3052
2022,4,0.0,-0.735,2022-04-01,-1.61,-0.3646,0.5319,-0.6026
2022,5,0.0,-0.8263,2022-05-01,-1.63,0.7062,0.0965,1.2235
2022,6,0.0,-0.3128,2022-06-01,-1.9,-0.118,-0.8713,-0.0742
2022,7,0.0,2.5404,2022-07-01,-2.17,-0.0936,0.4467,0.0249
2022,8,0.0,0.7893,2022-08-01,-1.75,1.4699,0.7313,-0.17
2022,9,0.0,0.2093,2022-09-01,-1.73,-1.6105,1.4685,-0.6552
2022,10,0.0,0.1662,2022-10-01,-1.73,-0.7175,0.3303,1.3457
2022,11,1.1,-0.7341,2022-11-01,-1.53,0.6922,1.7134,0.3389
2022,12,4.7,-0.662,2022-12-01,-1.28,-0.1456,1.7004,-2.7192
2023,1,0.1,0.2148,2023-01-01,-1.11,1.2503,2.3037,-0.6743
2023,2,2.2,-0.64,2023-02-01,-0.91,0.9227,0.5536,1.6004
2023,3,0.0,-1.6341,2023-03-01,-0.76,-1.1088,-0.2582,0.2803
2023,4,0.0,-0.4242,2023-04-01,-0.37,-0.6284,-0.9207,-0.9731
2023,5,0.0,-0.8575,2023-05-01,-0.06,0.3864,1.4518,1.1343
2023,6,0.0,0.687,2023-06-01,0.43,-0.5784,-0.4379,-0.2862
2023,7,0.0,1.1454,2023-07-01,0.5,-2.1746,-0.8183,-0.1545
2023,8,0.0,0.4468,2023-08-01,0.51,-1.164,-0.0382,-0.6023
2023,9,0.0,1.0582,2023-09-01,0.68,-0.4408,-1.0504,0.3181
2023,10,0.0,1.2042,2023-10-01,0.48,-2.0292,0.5352,-0.4139
2023,11,0.0,0.5459,2023-11-01,0.91,-0.3194,0.0965,-0.0358
2023,12,0.0,1.2143,2023-12-01,1.13,1.9365,1.51,-0.2215
2024,1,0.0,0.4459,2024-01-01,0.7,0.206,0.922,-0.2103
2024,2,0.0,0.0877,2024-02-01,0.68,1.0894,1.0428,0.6348
2024,3,0.3,0.4514,2024-03-01,0.78,-0.2141,-0.0579,-0.6102
2024,4,0.0,-0.6526,2024-04-01,0.34,-0.7802,1.0055,0.4645
2024,5,0.0,-2.7412,2024-05-01,0.12,-0.443,-0.0731,-0.048
2024,6,0.0,0.9692,2024-06-01,-0.23,-0.0865,0.2101,0.1364
2024,7,0.0,2.598,2024-07-01,-0.72,1.4555,-0.5969,0.5868
2024,8,0.0,-1.011,2024-08-01,-0.73,0.6325,-2.1504,1.2836
2024,9,0.0,1.3435,2024-09-01,-0.65,-1.4283,0.0978,-0.6237
2024,10,0.0,0.0368,2024-10-01,-0.52,-0.375,-0.567,0.5248
2024,11,0.0,0.0591,2024-11-01,-0.68,-0.2321,1.0195,-0.0374
2024,12,0.0,1.6988,2024-12-01,-0.91,1.2067,-0.8259,-0.3355
2025,1,0.0,1.0539,2025-01-01,-1.0,-0.5224,-0.0803,-0.0694
2025,2,2.3,1.4149,2025-02-01,-0.83,1.5958,-0.2708,-0.8645
2025,3,0.0,-0.0997,2025-03-01,-0.68,0.2999,0.7332,0.5564
